id,title,description,image_url,start_datetime,end_datetime,venue,city,category,ticket_url,source,source_event_id,hash,last_seen_at,created_at
0a40272c9eec4db8bcc29692e13f4e83,Cricket Australia Women’s T20I Series vs India | 1st T20I,This season Australia will face the growing force of India in the Women's T20I series. With Women's cricket returning to the Sydney Cricket Ground (SC,https://assets.atdw-online.com.au/images/66882cf088b7427ca67404743e0a31e6.jpeg?rect=167%2C0%2C2667%2C2000&w=2048&h=1536&rot=360&q=eyJ0eXBlIjoibGlzdGluZyIsImxpc3RpbmdJZCI6IjY3ZWI2YjgxZmEwMWNkYTU1NTRlNGE1YyIsImRpc3RyaWJ1dG9ySWQiOiI1NmIxZWI5MzQ0ZmVjYTNkZjJlMzIwYzgiLCJhcGlrZXlJZCI6IjU2YjFlZTU5MGNmMjEzYWQyMGRjNTgxOSJ9,Sun 15 Feb '26,,SCG,Sydney,,https://www.sydney.com/destinations/sydney/sydney-east/moore-park/events/cricket-australia-womens-t20i-series-vs-india-1st-t20i,sydney.com,,1ee7f016a55e1dd7dba1bb4886c5a15892c7cdec347aa9da1f0a98e5b923c339,2026-01-11T11:57:00.779526+00:00,2026-01-11T11:57:00.779541+00:00
a824aab3d74d43b0a1f07d593615f85b,Sydney Festival,"Every January, the Festival transforms the city with a vibrant mix of theatre, music, dance, visual art, opera, circus, and large-scale free public ev",https://assets.atdw-online.com.au/images/672f387650ceec661122f39b17cc48cc.jpeg?rect=341%2C0%2C5365%2C4024&w=2048&h=1536&rot=360&q=eyJ0eXBlIjoibGlzdGluZyIsImxpc3RpbmdJZCI6IjY4Zjk2NDRkZTllZGUwY2Y1ZDljYmNmZSIsImRpc3RyaWJ1dG9ySWQiOiI1NmIxZWI5MzQ0ZmVjYTNkZjJlMzIwYzgiLCJhcGlrZXlJZCI6IjU2YjFlZTU5MGNmMjEzYWQyMGRjNTgxOSJ9,Sun 11 Jan '26 – Sun 25 Jan '26,,Various locations,Sydney,,https://www.sydney.com/destinations/sydney/sydney-city/city-centre/events/sydney-festival,sydney.com,,9cd711375ac108359c0635cc69493dfa540f00c08ae30486790ba60c73b40c58,2026-01-11T11:57:05.711618+00:00,2026-01-11T11:57:05.711634+00:00
48febb28a5964ff0a8d0fa2dd14f3ae0,KPMG Sydney Sail Grand Prix,"Iconic racing hits an iconic location as SailGP, the most exciting racing on water, makes its record seventh visit to Sydney Harbour this February.",https://assets.atdw-online.com.au/images/c4be48a76fc1070ecb0f3efc29453139.jpeg?rect=0%2C14%2C1600%2C1200&w=1600&h=1200&rot=360&q=eyJ0eXBlIjoibGlzdGluZyIsImxpc3RpbmdJZCI6IjY4YWQ4MTdkNDVkOTRhNmU3NjIyNzdjYyIsImRpc3RyaWJ1dG9ySWQiOiI1NmIxZWI5MzQ0ZmVjYTNkZjJlMzIwYzgiLCJhcGlrZXlJZCI6IjU2YjFlZTU5MGNmMjEzYWQyMGRjNTgxOSJ9,Sat 28 Feb '26 – Sun 01 Mar '26,,Sydney Harbour,Sydney,,https://www.sydney.com/destinations/sydney/sydney-city/city-centre/events/kpmg-sydney-sail-grand-prix,sydney.com,,c97274822024c702ccbb5aa291e5007e0929da4f2e3d67603e7e6c7aaeb088fb,2026-01-11T11:57:10.548232+00:00,2026-01-11T11:57:10.548250+00:00
0eaffef74df543c4bef6106d0a8010f3,Street League Skateboarding Championship Tour - Sydney,Street League Skateboarding (SLS) brings together the world's best male and female skateboarders for the world's premier competition league. SLS consi,https://assets.atdw-online.com.au/images/db2fe3e11995e04e836f63e336915d31.jpeg?rect=303%2C0%2C1820%2C1365&w=1600&h=1200&rot=360&q=eyJ0eXBlIjoibGlzdGluZyIsImxpc3RpbmdJZCI6IjY5MDkzYTRhNzRkMjM3MmM1ZWM1ODNlYiIsImRpc3RyaWJ1dG9ySWQiOiI1NmIxZWI5MzQ0ZmVjYTNkZjJlMzIwYzgiLCJhcGlrZXlJZCI6IjU2YjFlZTU5MGNmMjEzYWQyMGRjNTgxOSJ9,Sat 14 Feb '26 – Sun 15 Feb '26,,Ken Rosewall Arena,Sydney,,https://www.sydney.com/destinations/sydney/sydney-west/sydney-olympic-park/events/street-league-skateboarding-championship-tour-sydney,sydney.com,,27ff57941ffaa0c39543e9acdbfcae8a1664e68769ae1afa9c991e598b62d365,2026-01-11T11:57:14.896679+00:00,2026-01-11T11:57:14.896694+00:00
351929572829465888828d45908741ca,Ron Mueck - Encounter,"Experience the largest exhibition of Ron Mueck's work ever seen in Australia. This summer, Ron Mueck: Encounter brings an unparalleled selection of t",https://assets.atdw-online.com.au/images/1e286de7f8a6dbae7c69bbab3f78ae29.jpeg?rect=221%2C0%2C3557%2C2668&w=2048&h=1536&rot=360&q=eyJ0eXBlIjoibGlzdGluZyIsImxpc3RpbmdJZCI6IjY4YWJjNzhkZjJkNmM5ZTIwNzk0ZTA2NCIsImRpc3RyaWJ1dG9ySWQiOiI1NmIxZWI5MzQ0ZmVjYTNkZjJlMzIwYzgiLCJhcGlrZXlJZCI6IjU2YjFlZTU5MGNmMjEzYWQyMGRjNTgxOSJ9,Sun 11 Jan '26 – Sun 12 Apr '26 (DAILY event),,Art Gallery of New South Wales,Sydney,,https://www.sydney.com/destinations/sydney/sydney-city/city-centre/events/ron-mueck-encounter,sydney.com,,11ce37cdedc8d9e756ea06beb5d6201e7ce4370aa04e4c85c79fb3a9b7e83257,2026-01-11T11:57:23.901692+00:00,2026-01-11T11:57:23.901727+00:00
af081a2d2ee64af38e6a081756ec01ba,Back to the Future The Musical - Sydney,"Take an electrifying ride back in time with London's Olivier Award-winning best new musical, adapted for the stage by the creators of the original mov",https://assets.atdw-online.com.au/images/557df1782c85b88f0cdc06ebf36921d5.jpeg?rect=152%2C0%2C2000%2C1500&w=1600&h=1200&rot=360&q=eyJ0eXBlIjoibGlzdGluZyIsImxpc3RpbmdJZCI6IjY3NDZiMTZhM2IyY2JmMDEyMjBmYTgxNSIsImRpc3RyaWJ1dG9ySWQiOiI1NmIxZWI5MzQ0ZmVjYTNkZjJlMzIwYzgiLCJhcGlrZXlJZCI6IjU2YjFlZTU5MGNmMjEzYWQyMGRjNTgxOSJ9,Sun 11 Jan '26 – Sun 25 Jan '26 (DAILY event),,Sydney Lyric Theatre,Sydney,,https://www.sydney.com/destinations/sydney/sydney-city/pyrmont/events/back-the-future-the-musical-sydney,sydney.com,,4246762c347d77a1f9fded929bf68a0d3dd7ad5c0495fdd004de8a71cee74a79,2026-01-11T11:57:28.987716+00:00,2026-01-11T11:57:28.987732+00:00
e95cb69bcf77400aa91ee91059a1ebd1,Handa Opera on Sydney Harbour - The Phantom of the Opera,The Music of the Night soars across Sydney Harbour. Let the spectacle astound you. Andrew Lloyd Webber's global phenomenon returns on its 40th annive,https://assets.atdw-online.com.au/images/f25dc61b3d26ea0425843cb4829bfd40.jpeg?rect=267%2C0%2C4267%2C3200&w=2048&h=1536&rot=360&q=eyJ0eXBlIjoibGlzdGluZyIsImxpc3RpbmdJZCI6IjY4ZTVlMTBlYzdkYTExMmU2YzEzMTRmMiIsImRpc3RyaWJ1dG9ySWQiOiI1NmIxZWI5MzQ0ZmVjYTNkZjJlMzIwYzgiLCJhcGlrZXlJZCI6IjU2YjFlZTU5MGNmMjEzYWQyMGRjNTgxOSJ9,Fri 27 Mar '26 – Sun 03 May '26 (DAILY event),,"Fleet Steps, Mrs Macquaries Point",Sydney,,https://www.sydney.com/destinations/sydney/sydney-city/city-centre/events/handa-opera-sydney-harbour-the-phantom-the-opera,sydney.com,,b6014e0219e6e8edec4f9e892e39f31a541ff5eea5a8a608e691e940511fc1a8,2026-01-11T11:57:34.014697+00:00,2026-01-11T11:57:34.014713+00:00
ee52779ba43f4ba0a7a8d70339a8c839,Christopher Kulendran Thomas' Safe Zone,"Artspace presents its latest exhibition, Christopher Kulendran Thomas' Safe Zone. His exhibition Safe Zone combines painting and television—two his",https://assets.atdw-online.com.au/images/9589e0d13b9b32f9027ffbe5ea15ae24.jpeg?rect=306%2C0%2C4667%2C3500&w=2048&h=1536&rot=360&q=eyJ0eXBlIjoibGlzdGluZyIsImxpc3RpbmdJZCI6IjY4ZjVjNDkzMWZmNzQ0YmY3NTdkZjA4MCIsImRpc3RyaWJ1dG9ySWQiOiI1NmIxZWI5MzQ0ZmVjYTNkZjJlMzIwYzgiLCJhcGlrZXlJZCI6IjU2YjFlZTU5MGNmMjEzYWQyMGRjNTgxOSJ9,Sun 11 Jan '26 – Sun 15 Feb '26 (DAILY event),,Artspace,Sydney,,https://www.sydney.com/destinations/sydney/sydney-city/potts-point-and-woolloomooloo/events/christopher-kulendran-thomas-safe-zone,sydney.com,,7579d905dc1f1e9a8ceb0cc9b4a2b80dd9481cac1e6fd17406ebbabd6ae8b109,2026-01-11T11:57:39.153669+00:00,2026-01-11T11:57:39.153685+00:00
14a0f3590480401b92207e9c0137f7d2,Second Look - Legacy,"Second Look - Legacy celebrates the material intelligence and creativity of contemporary textile practice, inviting audiences to reflect on how handma",https://assets.atdw-online.com.au/images/dd947a1bb37b26ffb56c732f0bd9a9df.jpeg?rect=290%2C0%2C2963%2C2222&w=2048&h=1536&rot=360&q=eyJ0eXBlIjoibGlzdGluZyIsImxpc3RpbmdJZCI6IjY5MTZhZTUyOGI1NTE5M2Q1ZDBiZWRmNSIsImRpc3RyaWJ1dG9ySWQiOiI1NmIxZWI5MzQ0ZmVjYTNkZjJlMzIwYzgiLCJhcGlrZXlJZCI6IjU2YjFlZTU5MGNmMjEzYWQyMGRjNTgxOSJ9,Tue 13 Jan '26 – Sat 28 Feb '26,,Australian Design Centre,Sydney,,https://www.sydney.com/destinations/sydney/inner-sydney/darlinghurst/events/second-look-legacy,sydney.com,,804378edf841f8d097fee0ce28d3b77667e5a6727eb04f2ef8d1e3d541bef541,2026-01-11T11:57:44.149825+00:00,2026-01-11T11:57:44.149842+00:00
b9bf72eb6dff466cab081315368fbcd3,Imperial Stockings,"In the Highland Clearances (roughly 1760-1850), the politics of power, racism, commerce and greed displaced remote Highland and Island Scotland people",https://assets.atdw-online.com.au/images/a962d41eff1fa06d7e84565b81905d9b.jpeg?rect=169%2C0%2C1765%2C1324&w=1600&h=1200&rot=360&q=eyJ0eXBlIjoibGlzdGluZyIsImxpc3RpbmdJZCI6IjY5MTZiMGU0NTYxNThmODc0NWM3MWY2NSIsImRpc3RyaWJ1dG9ySWQiOiI1NmIxZWI5MzQ0ZmVjYTNkZjJlMzIwYzgiLCJhcGlrZXlJZCI6IjU2YjFlZTU5MGNmMjEzYWQyMGRjNTgxOSJ9,Tue 13 Jan '26 – Sat 28 Feb '26,,Australian Design Centre,Sydney,,https://www.sydney.com/destinations/sydney/inner-sydney/darlinghurst/events/imperial-stockings,sydney.com,,73a74d6b012f5c84fee5716e22c187f673598c9fa40f157b25f100255cad1ed5,2026-01-11T11:57:48.963215+00:00,2026-01-11T11:57:48.963231+00:00
02fdc211fb48431eac4fbb751a689f42,Special Event Photos with Alpacas,Madison’s Mountain Retreat will offer you up to two hours of roaming the property with your own photographer. They will take you to a designated are,https://assets.atdw-online.com.au/images/04bb079dffd5a193dcad929ffd3b8151.jpeg?rect=0%2C714%2C2448%2C1836&w=2048&h=1536&rot=360&q=eyJ0eXBlIjoibGlzdGluZyIsImxpc3RpbmdJZCI6IjY0MTUyM2RiOGUxZTM2ZDgyOGQzMmUyOSIsImRpc3RyaWJ1dG9ySWQiOiI1NmIxZWI5MzQ0ZmVjYTNkZjJlMzIwYzgiLCJhcGlrZXlJZCI6IjU2YjFlZTU5MGNmMjEzYWQyMGRjNTgxOSJ9,Sun 11 Jan '26 – Mon 30 Nov '26 (DAILY event),,Madisons Mountain Retreat,Sydney,,https://www.sydney.com/destinations/sydney/sydney-north/hawkesbury/events/special-event-photos-alpacas,sydney.com,,fa26601e73bd8b8317fbef8090305a29e430c78c1e99135aa1662a3be8f0cb5d,2026-01-11T11:57:54.859646+00:00,2026-01-11T11:57:54.859662+00:00
25e0c47dbd1b404bb6a9dbb923ffca32,Bottomless Summer at The Button Bar,"Bottomless Summer is available at Pocket Bar, Stitch Bar and Button Bar, each offering their own take on the experience with a unique food and drinks",https://assets.atdw-online.com.au/images/68523e93918df6a49760f0631cf08533.jpeg?rect=0%2C750%2C2001%2C1501&w=1600&h=1200&rot=360&q=eyJ0eXBlIjoibGlzdGluZyIsImxpc3RpbmdJZCI6IjY5NGIxNWY2MTIwOTA0NTgzNzJlOGVlMSIsImRpc3RyaWJ1dG9ySWQiOiI1NmIxZWI5MzQ0ZmVjYTNkZjJlMzIwYzgiLCJhcGlrZXlJZCI6IjU2YjFlZTU5MGNmMjEzYWQyMGRjNTgxOSJ9,Sun 11 Jan '26 – Tue 31 Mar '26 (DAILY event),,Button Bar,Sydney,,https://www.sydney.com/destinations/sydney/sydney-city/city-centre/events/bottomless-summer-the-button-bar,sydney.com,,c7700717389e3a97ab69fbc77a5a04e6d9cdcb86bf25190618ce6e86d3164c8f,2026-01-11T11:57:58.579631+00:00,2026-01-11T11:57:58.579642+00:00
2f3fd88b6dbc4f16a45a6569b93bea8c,Bottomless Summer at Stitch Bar,"Bottomless Summer is available at Pocket Bar, Stitch Bar and Button Bar, each offering their own take on the experience with a unique food and drinks",https://assets.atdw-online.com.au/images/5acbd9271a5f152ecf9efdb436d8fa3a.jpeg?rect=0%2C750%2C2001%2C1501&w=1600&h=1200&rot=360&q=eyJ0eXBlIjoibGlzdGluZyIsImxpc3RpbmdJZCI6IjY5NGIxODcwN2ZmYzNlZjk0MWU0N2IxMiIsImRpc3RyaWJ1dG9ySWQiOiI1NmIxZWI5MzQ0ZmVjYTNkZjJlMzIwYzgiLCJhcGlrZXlJZCI6IjU2YjFlZTU5MGNmMjEzYWQyMGRjNTgxOSJ9,Sun 11 Jan '26 – Tue 31 Mar '26 (DAILY event),,Stitch Bar,Sydney,,https://www.sydney.com/destinations/sydney/sydney-city/city-centre/events/bottomless-summer-stitch-bar,sydney.com,,14ee54df18d69f2e617c245d34e808f4c6697dab33dd9c77fbd711ff38562eec,2026-01-11T11:58:03.462884+00:00,2026-01-11T11:58:03.462898+00:00
41c8340d53b74cc6b4aeac02332b4e02,Signature Dining at SEA LIFE Sydney Aquarium,"Get ready to elevate your evening with Signature Dining at SEA LIFE Sydney Aquarium! This restaurant-style, fine dining experience combines a decadent",https://assets.atdw-online.com.au/images/c587afa144f6663cc464d904df088bad.jpeg?rect=107%2C0%2C1707%2C1280&w=1600&h=1200&rot=360&q=eyJ0eXBlIjoibGlzdGluZyIsImxpc3RpbmdJZCI6IjY3ODA5NTE4ZmNjNTEwMzk3Yzc5NzU0OSIsImRpc3RyaWJ1dG9ySWQiOiI1NmIxZWI5MzQ0ZmVjYTNkZjJlMzIwYzgiLCJhcGlrZXlJZCI6IjU2YjFlZTU5MGNmMjEzYWQyMGRjNTgxOSJ9,Sun 11 Jan '26 – Fri 25 Dec '26 (MONTHLY event),,SEA LIFE Sydney Aquarium,Sydney,,https://www.sydney.com/destinations/sydney/sydney-city/city-centre/events/signature-dining-sea-life-sydney-aquarium-0,sydney.com,,cf509811e8fb567a8ed40f3b3a5c05591ae71451e37bb5ae92ae987e3f84a184,2026-01-11T11:58:08.018670+00:00,2026-01-11T11:58:08.018684+00:00
9c9e5515b3fe4b04a72eaf33326d21a7,Australia's Original Bed Cinema Turns Ten: Mov'in Bed Returns to Barangaroo to Celebrate,"The season opens with romance because Mov'in Bed is the perfect date night. The opening sets the tone with Regretting You, a sunset check-in to busi",https://assets.atdw-online.com.au/images/15c4d7714de96a02c94844f230432865.jpeg?rect=0%2C0%2C1600%2C1200&w=1600&h=1200&rot=360&q=eyJ0eXBlIjoibGlzdGluZyIsImxpc3RpbmdJZCI6IjY1NjAwYmMzY2M0NGQ2MzQyOTM3NDMxZCIsImRpc3RyaWJ1dG9ySWQiOiI1NmIxZWI5MzQ0ZmVjYTNkZjJlMzIwYzgiLCJhcGlrZXlJZCI6IjU2YjFlZTU5MGNmMjEzYWQyMGRjNTgxOSJ9,Sun 11 Jan '26 – Sun 05 Apr '26,,Harbour Park,Sydney,,https://www.sydney.com/destinations/sydney/sydney-city/barangaroo/events/australias-original-bed-cinema-turns-ten-mov-bed-returns-barangaroo-celebrate,sydney.com,,36ee05fd579a430d0ce412aaf9133a23cf3e750c24d557ce73a8dcd54052698d,2026-01-11T11:58:12.888436+00:00,2026-01-11T11:58:12.888465+00:00
a5e109f002534882b478b4077e1d47d9,Boards and Bottles - Wine and Games,"Looking for the perfect midweek escape? Come to The Art Syndicate for Boards and Bottles: Thursday Board Game Night! Gather your friends, roll the dic",https://assets.atdw-online.com.au/images/34353bcee3e2d90f786c6d712a9c5f27.jpeg?rect=683%2C0%2C3917%2C2938&w=2048&h=1536&rot=360&q=eyJ0eXBlIjoibGlzdGluZyIsImxpc3RpbmdJZCI6IjY3MjQzYzZkZjc1YTY3MDExNjU4ODQzZSIsImRpc3RyaWJ1dG9ySWQiOiI1NmIxZWI5MzQ0ZmVjYTNkZjJlMzIwYzgiLCJhcGlrZXlJZCI6IjU2YjFlZTU5MGNmMjEzYWQyMGRjNTgxOSJ9,Sun 11 Jan '26 – Thu 23 Apr '26 (WEEKLY event),,The Art Syndicate,Sydney,,https://www.sydney.com/destinations/sydney/inner-sydney/surry-hills/events/boards-and-bottles-wine-and-games,sydney.com,,d2d58a0f77f98a5732923fc69dc3e0b3789090eab8b19d1d71b5907755a2f729,2026-01-11T11:58:17.809177+00:00,2026-01-11T11:58:17.809193+00:00
0a3163920a4c4e8a8cc3492016a49c3a,Spotlight Saturdays,"Sing, Dance and Party every Saturday night, Cardea Bar in Barangaroo comes alive with live music delivering an open-format journey through the decades",https://assets.atdw-online.com.au/images/adc5c945ffa9ef5b31e16d8565fde0fa.jpeg?rect=256%2C0%2C4096%2C3072&w=2048&h=1536&rot=360&q=eyJ0eXBlIjoibGlzdGluZyIsImxpc3RpbmdJZCI6IjY4ZDRkMGM2ZmJmODNjYmQwMzA0OTI0OCIsImRpc3RyaWJ1dG9ySWQiOiI1NmIxZWI5MzQ0ZmVjYTNkZjJlMzIwYzgiLCJhcGlrZXlJZCI6IjU2YjFlZTU5MGNmMjEzYWQyMGRjNTgxOSJ9,Sun 11 Jan '26 – Sat 04 Apr '26 (WEEKLY event),,Cardea,Sydney,,https://www.sydney.com/destinations/sydney/sydney-city/barangaroo/events/spotlight-saturdays,sydney.com,,d366ef6e98f478b754cefc55bc598708779cf058ad2f66580abcbbd42273771d,2026-01-11T11:58:22.207993+00:00,2026-01-11T11:58:22.208007+00:00
94597302a1f149748e1ca783c60d37a5,Spotlight Prowl for Families,Dusk is a wonderful time to spot animals in Centennial Parklands. Join the educators in this fascinating 1.5-hour spotlight walk. See how Centennial P,https://assets.atdw-online.com.au/images/e60721a4dde175b43bb6a6ad0ebed5bc.jpeg?rect=142%2C0%2C2276%2C1707&w=2048&h=1536&rot=360&q=eyJ0eXBlIjoibGlzdGluZyIsImxpc3RpbmdJZCI6IjYyMTgyNDczNjJjMDNkMzQwYWEzMzkyNSIsImRpc3RyaWJ1dG9ySWQiOiI1NmIxZWI5MzQ0ZmVjYTNkZjJlMzIwYzgiLCJhcGlrZXlJZCI6IjU2YjFlZTU5MGNmMjEzYWQyMGRjNTgxOSJ9,Sun 11 Jan '26 – Fri 06 Mar '26 (MONTHLY event),,Centennial Parklands,Sydney,,https://www.sydney.com/destinations/sydney/sydney-east/moore-park/events/spotlight-prowl-families-0,sydney.com,,90a320efcd0ab387ea57d6e768695e99d9cff3db09b3f675527ad626c19c0e3a,2026-01-11T11:58:26.609948+00:00,2026-01-11T11:58:26.609959+00:00
f57432e8410b4370aeb70114e78943a6,Alpaca Experience,"Madison's Mountain Retreat is a peaceful farm stay in Kurrajong Heights, on acres bordering the Wollemi and Blue Mountains National Parks. Madison's i",https://assets.atdw-online.com.au/images/2fc78c5fb827a867b5e9cf9d4ed7415f.jpeg?rect=0%2C882%2C3024%2C2268&w=2048&h=1536&rot=360&q=eyJ0eXBlIjoibGlzdGluZyIsImxpc3RpbmdJZCI6IjVmNjE4NzYwNTA5ODQwMzQ1MDc5ZDMwNSIsImRpc3RyaWJ1dG9ySWQiOiI1NmIxZWI5MzQ0ZmVjYTNkZjJlMzIwYzgiLCJhcGlrZXlJZCI6IjU2YjFlZTU5MGNmMjEzYWQyMGRjNTgxOSJ9,Sun 11 Jan '26 – Fri 06 Mar '26 (DAILY event),,Madisons Mountain Retreat,Sydney,,https://www.sydney.com/destinations/sydney/sydney-north/hawkesbury/events/alpaca-experience,sydney.com,,b075c0123f44ceb0e9d165cea00bf46af8b4ba6d5516a739ee246066c265d647,2026-01-11T11:58:31.039492+00:00,2026-01-11T11:58:31.039509+00:00
1060c231b7f74a1093e4b01f4fbbd6df,Pretty Woman The Musical,"Featuring direction and choreography by two-time Tony Award® winner Jerry Mitchell (Kinky Boots, Legally Blonde, Hairspray), an electrifying original",https://assets.atdw-online.com.au/images/db535d8c851e69c42e57f67d6ebfa83a.jpeg?rect=320%2C0%2C1920%2C1440&w=1600&h=1200&rot=360&q=eyJ0eXBlIjoibGlzdGluZyIsImxpc3RpbmdJZCI6IjY4Nzg0OTI3YjczZDA2ZWYzYWFmYTUzMiIsImRpc3RyaWJ1dG9ySWQiOiI1NmIxZWI5MzQ0ZmVjYTNkZjJlMzIwYzgiLCJhcGlrZXlJZCI6IjU2YjFlZTU5MGNmMjEzYWQyMGRjNTgxOSJ9,Sun 11 Jan '26 – Sun 01 Mar '26 (DAILY event),,Theatre Royal Sydney,Sydney,,https://www.sydney.com/destinations/sydney/sydney-city/city-centre/events/pretty-woman-the-musical,sydney.com,,c422a2081bf7e3bfc2e24bef0c1e2de3931f726ed23bb8efba86894892cf4f07,2026-01-11T11:58:35.402035+00:00,2026-01-11T11:58:35.402047+00:00
be5f8c11f3134295beda925e7fff20ce,Zephyr Sky Bar X Don Julio Rosado : An Elevated Agave Voyage,Celebrate the spirit of Mexico all summer long at luxurious heights with Don Julio Rosado and Zephyr's exclusive partnership. Savour an agave-rich co,https://assets.atdw-online.com.au/images/4e71b3479d11641fa77a41685677018f.jpeg?rect=125%2C0%2C2000%2C1500&w=1600&h=1200&rot=360&q=eyJ0eXBlIjoibGlzdGluZyIsImxpc3RpbmdJZCI6IjY5MTY5NjQwMmUyM2JjNWY0YmEwOTkwNiIsImRpc3RyaWJ1dG9ySWQiOiI1NmIxZWI5MzQ0ZmVjYTNkZjJlMzIwYzgiLCJhcGlrZXlJZCI6IjU2YjFlZTU5MGNmMjEzYWQyMGRjNTgxOSJ9,Sun 11 Jan '26 – Tue 31 Mar '26,,Zephyr Sky Bar,Sydney,,https://www.sydney.com/destinations/sydney/sydney-city/city-centre/events/zephyr-sky-bar-x-don-julio-rosado-elevated-agave-voyage,sydney.com,,cb5e825aaaafc239554badd5fd606369052b5bf6910147f1fba8262df5e2c284,2026-01-11T11:58:39.546448+00:00,2026-01-11T11:58:39.546462+00:00
af5481fd1d3a4e9da34a2a7c73a34b79,School Holidays: Hologram Workshop,"Eventbrite - Inner West Council Libraries presents School Holidays: Hologram Workshop - Thursday, 15 January 2026 at Marrickville Library and Pavilion, Marrickville, NSW. Find event and ticket information.",https://img.evbuc.com/https%3A%2F%2Fcdn.evbuc.com%2Fimages%2F1160174683%2F1462367483483%2F1%2Foriginal.20251022-221719?w=1000&auto=format%2Ccompress&q=75&sharp=10&rect=0%2C469%2C1200%2C600&s=abdcf295e1489aa26e853820a3481be6,Marrickville Library and Pavilion,,Choose a locationautocomplete,Sydney,,https://www.eventbrite.com.au/e/school-holidays-hologram-workshop-tickets-1758748697699?aff=ebdssbneighborhoodbrowse,eventbrite,,64e67ccc4ee804178dacac9f8f6431da13dbe495955b41ab98c934568e1789f1,2026-01-11T11:59:26.608212+00:00,2026-01-11T11:59:26.608223+00:00
e93c7d5a5b824b5cbe95971f5fd4c52b,"TESSERAKT Festival (Sydney) ft OGUZ, Vieze Asbak, Neek, Jayron + more","Eventbrite - Lucky Presents presents TESSERAKT Festival (Sydney) ft OGUZ, Vieze Asbak, Neek, Jayron + more - Saturday, January 17, 2026 | Sunday, January 18, 2026 at Manning Bar, Camperdown, NSW. Find event and ticket information.",https://img.evbuc.com/https%3A%2F%2Fcdn.evbuc.com%2Fimages%2F1174297718%2F347014776913%2F1%2Foriginal.20260108-113433?w=1000&auto=format%2Ccompress&q=75&sharp=10&rect=0%2C54%2C1920%2C960&s=691075e8ce2aca69027d290c5423caf5,Manning Bar,,Choose a locationautocomplete,Sydney,,https://www.eventbrite.com.au/e/tesserakt-festival-sydney-ft-oguz-vieze-asbak-neek-jayron-more-tickets-1962752292944?aff=ebdssbneighborhoodbrowse,eventbrite,,23ba81f38de0461dc3d1b914fa4768e7df67a17815583104dd3631bfc27e3101,2026-01-11T11:59:31.298419+00:00,2026-01-11T11:59:31.298431+00:00
5739255bd87e4195b1135f4283e493dc,Glass Island pres. KASKADE - Sunset Cruise - Fri 23rd January,"Eventbrite - Glass Island presents Glass Island pres. KASKADE - Sunset Cruise - Fri 23rd January - Friday, 23 January 2026 at Glass Island - check event info for Wharf Details, Sydney, NSW. Find event and ticket information.",https://img.evbuc.com/https%3A%2F%2Fcdn.evbuc.com%2Fimages%2F1172122391%2F302787262395%2F1%2Foriginal.20251202-042230?w=1000&auto=format%2Ccompress&q=75&sharp=10&rect=0%2C0%2C2160%2C1080&s=3c0ef8b91077cba9467a37b713ad2b85,Glass Island - check event info for Wharf Details,,Choose a locationautocomplete,Sydney,,https://www.eventbrite.com.au/e/glass-island-pres-kaskade-sunset-cruise-fri-23rd-january-tickets-1976538906075?aff=ebdssbneighborhoodbrowse,eventbrite,,dbee3b85350a0ff667ac0521f36732059812ab3cd5d5a324d0685b2e46f3d321,2026-01-11T11:59:35.554293+00:00,2026-01-11T11:59:35.554309+00:00
258cd7cebe9a461f9cc85c46449bea16,Crazy Rich Asians (M),"Eventbrite - Darling Quarter presents Crazy Rich Asians (M) - Saturday, 24 January 2026 at Darling Quarter Village Green, Sydney, NSW. Find event and ticket information.",https://cdn.evbuc.com/images/1173247847/474466031999/1/logo.20251219-022902,Darling Quarter Village Green,,Choose a locationautocomplete,Sydney,,https://www.eventbrite.com.au/e/crazy-rich-asians-m-tickets-1978548129717?aff=ebdssbneighborhoodbrowse,eventbrite,,8f1d5fa6711ef0deb6b981dffa652a1884cf727c7ea6a732b0c74d6d7232d364,2026-01-11T11:59:40.695925+00:00,2026-01-11T11:59:40.695942+00:00
fbccb91098964e0aa13d38975602cb6b,Fantastic Beasts: The Secrets of Dumbledore (M),"Eventbrite - Darling Quarter presents Fantastic Beasts: The Secrets of Dumbledore (M) - Friday, 23 January 2026 at Darling Quarter Village Green, Sydney, NSW. Find event and ticket information.",https://cdn.evbuc.com/images/1173247847/474466031999/1/logo.20251219-022902,Darling Quarter Village Green,,Choose a locationautocomplete,Sydney,,https://www.eventbrite.com.au/e/fantastic-beasts-the-secrets-of-dumbledore-m-tickets-1978546848886?aff=ebdssbcitybrowsenightlife,eventbrite,,6e08a0eeb845fd55b6baaed9006a6a1fe13c78aac1d688e4b0dc77221469e300,2026-01-11T11:59:45.612088+00:00,2026-01-11T11:59:45.612104+00:00
5a26299e58a8460eb8741e03e55d2db1,RNB Superclub Grand Opening,"Eventbrite - RNB SUPERCLUB presents RNB Superclub Grand Opening - Saturday, January 24, 2026 at Space Nightclub, Sydney, NSW. Find event and ticket information.",https://cdn.evbuc.com/images/1174283404/1145108830523/1/logo.20260108-052006,Space Nightclub,,Choose a locationautocomplete,Sydney,,https://www.eventbrite.com.au/e/rnb-superclub-grand-opening-tickets-1979715505369?aff=ebdssbcitybrowsenightlife,eventbrite,,e799b5bf288ae4c54732f33402b8c57a29e224fed9157730a2dff224f1f927db,2026-01-11T11:59:50.198779+00:00,2026-01-11T11:59:50.198791+00:00
a356ddde5774468fbefc5f1250c3b417,Nicolas Rada (Arg) & Eichenbaum - Sydney,"Eventbrite - Bootz N Catz Events presents Nicolas Rada (Arg) & Eichenbaum - Sydney - Saturday, January 24, 2026 | Sunday, January 25, 2026 at Civic Underground, Sydney, NSW. Find event and ticket information.",https://img.evbuc.com/https%3A%2F%2Fcdn.evbuc.com%2Fimages%2F1171785248%2F179441568463%2F1%2Foriginal.20251126-053310?w=1000&auto=format%2Ccompress&q=75&sharp=10&rect=0%2C22%2C1920%2C960&s=cf2ad509ecf4e0988e1eeec5c04f92c3,Civic Underground,,Choose a locationautocomplete,Sydney,,https://www.eventbrite.com.au/e/nicolas-rada-arg-eichenbaum-sydney-tickets-1975711745014?aff=ebdssbcitybrowsenightlife,eventbrite,,4120f4b1e996beefb4e37b75a71749e963ecaecbb7036c09d838e58cb8514fb4,2026-01-11T11:59:55.303103+00:00,2026-01-11T11:59:55.303115+00:00
e4e4902a9c00400a8cd06cbb05e3e473,POOF DOOF Big Gay Block Party,"Eventbrite - POOF DOOF presents POOF DOOF Big Gay Block Party - Saturday, February 28, 2026 | Sunday, March 1, 2026 at ivy Sydney, Sydney, NSW. Find event and ticket information.",https://img.evbuc.com/https%3A%2F%2Fcdn.evbuc.com%2Fimages%2F1170659820%2F393922168167%2F1%2Foriginal.20251111-041627?w=1000&auto=format%2Ccompress&q=75&sharp=10&rect=0%2C18%2C1920%2C960&s=f9975708e19ad36051a3f4e372b04eac,ivy Sydney,,Choose a locationautocomplete,Sydney,,https://www.eventbrite.com.au/e/poof-doof-big-gay-block-party-tickets-1967888164474?aff=ebdssbcitybrowsenightlife,eventbrite,,eb356818a079ef6751dca72097bab487bccf8592b1ea12b8baf4288526140b53,2026-01-11T12:00:00.180550+00:00,2026-01-11T12:00:00.180564+00:00
f4077df440ee4eb38ae0fc39a89fbd91,Fantastic Beasts: The Crimes of Grindelwald (M),"Eventbrite - Darling Quarter presents Fantastic Beasts: The Crimes of Grindelwald (M) - Friday, 16 January 2026 at Darling Quarter Village Green, Sydney, NSW. Find event and ticket information.",https://cdn.evbuc.com/images/1173247847/474466031999/1/logo.20251219-022902,Darling Quarter Village Green,,Choose a locationautocomplete,Sydney,,https://www.eventbrite.com.au/e/fantastic-beasts-the-crimes-of-grindelwald-m-tickets-1978537990390?aff=ebdssbcitybrowse,eventbrite,,f16bc2eed45dffba854a88f474b61a07e6d425cc769770b7bed39d91019467a4,2026-01-11T12:00:05.267689+00:00,2026-01-11T12:00:05.267706+00:00
bf67f9d9a2624ceb80a6884e955546bf,Homemade Saturdays: Free Entry + Complimentary Drink,"Eventbrite - iRock Entertainment presents Homemade Saturdays: Free Entry + Complimentary Drink - Saturday, May 4, 2024 | Sunday, May 3, 2026 at Home The Venue, Sydney, NSW. Find event and ticket information.",https://img.evbuc.com/https%3A%2F%2Fcdn.evbuc.com%2Fimages%2F748918359%2F2055543935043%2F1%2Foriginal.20240422-010025?w=1000&auto=format%2Ccompress&q=75&sharp=10&rect=0%2C0%2C2160%2C1080&s=1a848f41f1dfc9f794b40641cf2c97af,Home The VenueMultiple dates,,Choose a locationautocomplete,Sydney,,https://www.eventbrite.com.au/e/homemade-saturdays-free-entry-complimentary-drink-tickets-887309505617?aff=ebdssbcitybrowse,eventbrite,,0d63101f46935aee5bd1e006ed7e465801c4bfa6aafae3f34dd75d52122cb0dd,2026-01-11T12:00:09.711607+00:00,2026-01-11T12:00:09.711620+00:00
25958439656b43a89f9c85d3e40cab47,CLUB MODA SYDNEY | 24.01.26 | 12 YEAR ANNIVERSARY | AUSTRALIA DAY WKND,"Eventbrite - CLUB MODA presents CLUB MODA SYDNEY | 24.01.26 | 12 YEAR ANNIVERSARY | AUSTRALIA DAY WKND - Saturday, January 24, 2026 | Sunday, January 25, 2026 at King Street Wharf 9, Sydney, NSW. Find event and ticket information.",https://cdn.evbuc.com/images/1173895908/193932742550/1/logo.20260103-150554,King Street Wharf 9,,Choose a locationautocomplete,Sydney,,https://www.eventbrite.com.au/e/club-moda-sydney-240126-12-year-anniversary-australia-day-wknd-tickets-1979606112171?aff=ebdssbcitybrowse,eventbrite,,971b59af032ed1bf44f5f51d8fca57c7b2cb9471aed0d3cbefb88405a21967ff,2026-01-11T12:00:13.909722+00:00,2026-01-11T12:00:13.909737+00:00
b98b81e03fb74c11b3ccbec384667b53,Soulmate: Long weekend Sunday sesh,"Eventbrite - Soulmate presents Soulmate: Long weekend Sunday sesh - Sunday, January 25, 2026 | Monday, January 26, 2026 at Cargo Bar, Sydney, NSW. Find event and ticket information.",https://img.evbuc.com/https%3A%2F%2Fcdn.evbuc.com%2Fimages%2F1173984518%2F370592850131%2F1%2Foriginal.20260105-074234?w=1000&auto=format%2Ccompress&q=75&sharp=10&rect=0%2C0%2C1080%2C540&s=e6f811ea04db4efd82d6571501f0d6d1,Cargo Bar,,Choose a locationautocomplete,Sydney,,https://www.eventbrite.com.au/e/soulmate-long-weekend-sunday-sesh-tickets-1979699218655?aff=ebdssbcitybrowse,eventbrite,,e075ca0223f805b3ec6ab60b7b9f0b948265b1d2c51e5e7439937961c4057f62,2026-01-11T12:00:18.836777+00:00,2026-01-11T12:00:18.836789+00:00
e59fbbcb96cf4097b576d1da914c2a3d,Tech & Chill Evening – You’re Invited!,"Eventbrite - Andy Tran presents Tech & Chill Evening – You’re Invited! - Friday, February 13, 2026 at level 27/100 Barangaroo Ave, Barangaroo, NSW. Find event and ticket information.",https://img.evbuc.com/https%3A%2F%2Fcdn.evbuc.com%2Fimages%2F1173189627%2F683850829043%2F1%2Foriginal.20251218-092728?w=1000&auto=format%2Ccompress&q=75&sharp=10&rect=0%2C3%2C2146%2C1073&s=d3774955923531eac85e536ff7aedf05,level 27/100 Barangaroo Ave,,Choose a locationautocomplete,Sydney,,https://www.eventbrite.com/e/tech-chill-evening-youre-invited-tickets-1977477606754?aff=ebdssbcitybrowse,eventbrite,,0712de328cfb9a528c1169002953d0c8002648b61b1a2aeb77dece35873e2c45,2026-01-11T12:00:23.386502+00:00,2026-01-11T12:00:23.386518+00:00
30ece7783675499e85c436e5da012ac4,EMERGENCE - Investment Conference - SYDNEY 2026,"Eventbrite - Wholesale Investor presents EMERGENCE - Investment Conference - SYDNEY 2026 - Wednesday, February 18, 2026 | Friday, February 20, 2026 at Four Seasons Hotel Sydney, The Rocks, NSW. Find event and ticket information.",https://img.evbuc.com/https%3A%2F%2Fcdn.evbuc.com%2Fimages%2F1171782883%2F54901145563%2F1%2Foriginal.20251126-042036?w=1000&auto=format%2Ccompress&q=75&sharp=10&rect=0%2C0%2C2160%2C1080&s=45636118de76172936a22b903405bd54,Four Seasons Hotel Sydney,,Choose a locationautocomplete,Sydney,,https://www.eventbrite.com.au/e/emergence-investment-conference-sydney-2026-tickets-1962801602430?aff=ebdssbcitybrowse,eventbrite,,6ea22934e7adeda4989ac73cf7da0fc8305bb03a9bf1da3c834041bb134bba28,2026-01-11T12:00:28.685949+00:00,2026-01-11T12:00:28.685960+00:00
e3b6329aaaa34cd29c775b6acd66ee1b,Holi Festival Sydney - 7th March 2026 -  Limited FREE Entry Tickets,"Eventbrite - Holi Festival Sydney presents Holi Festival Sydney - 7th March 2026 -  Limited FREE Entry Tickets - Saturday, 7 March 2026 at Tumbalong Park, Sydney, NSW. Find event and ticket information.",https://img.evbuc.com/https%3A%2F%2Fcdn.evbuc.com%2Fimages%2F1172472818%2F36809088512%2F1%2Foriginal.20251207-144545?w=1000&auto=format%2Ccompress&q=75&sharp=10&rect=0%2C0%2C1410%2C705&s=62aa2d2accbcaf3fd60045048a0e90bb,Tumbalong Park,,Choose a locationautocomplete,Sydney,,https://www.eventbrite.com.au/e/holi-festival-sydney-7th-march-2026-limited-free-entry-tickets-tickets-1126165875449?aff=ebdssbcitybrowse,eventbrite,,a24d204622232211a24d7b27ccabb59b7ba4ac047550e90957fe54d01cb6fc2e,2026-01-11T12:00:38.702172+00:00,2026-01-11T12:00:38.702186+00:00
74254d08bd504b2fbdfde922cc798899,La santé mentale des adolescents : que peuvent l'écriture et la lecture ?,Eventbrite - Lecture Jeunesse présente La santé mentale des adolescents : que peuvent l'écriture et la lecture ? - Vendredi 16 janvier 2026 - Trouver des informations sur l'événement et les billets.,https://img.evbuc.com/https%3A%2F%2Fcdn.evbuc.com%2Fimages%2F1171331366%2F302266458107%2F1%2Foriginal.20251119-142832?w=1000&auto=format%2Ccompress&q=75&sharp=10&rect=0%2C2%2C1172%2C586&s=398ab81b0ee57fb51ab34f4108b467cf,Événement en ligne,,Choisissez un lieuautocomplete,Sydney,,https://www.eventbrite.fr/e/billets-la-sante-mentale-des-adolescents-que-peuvent-lecriture-et-la-lecture-1970428016239?aff=ebdssbcitybrowse,eventbrite,,67fb90075e8f6e43de1ec6871c1b2422086868589b52db106002957eff70b6b3,2026-01-11T12:00:43.594413+00:00,2026-01-11T12:00:43.594428+00:00
8e9f6b5840ab4876882371834c46215f,Réinventer son leadership,Eventbrite – Les midis RH en Chaudière-Appalaches présente Réinventer son leadership - Mardi 20 janvier 2026 - Obtenez des informations sur les événements et les billets.,https://img.evbuc.com/https%3A%2F%2Fcdn.evbuc.com%2Fimages%2F1171939447%2F312791474078%2F1%2Foriginal.20251128-213622?w=1000&auto=format%2Ccompress&q=75&sharp=10&rect=0%2C0%2C2160%2C1080&s=20cd8edc0bc41194eef8d243aaab8515,Événement en ligne,,Choisissez un endroitautocomplete,Sydney,,https://www.eventbrite.ca/e/billets-reinventer-son-leadership-1976257783229?aff=ebdssbcitybrowse,eventbrite,,888f0f81c9bc274d1ce0e8bb5c73623cba6815b04127a7254fc9caaa78f552c2,2026-01-11T12:00:48.843057+00:00,2026-01-11T12:00:48.843073+00:00
6766c5cd2bf24f6a97d835ed93787466,Webinaire Financements Européens pour booster votre développement,Eventbrite - La French Tech Paris-Saclay présente Webinaire Financements Européens pour booster votre développement - Mercredi 21 janvier 2026 - Trouver des informations sur l'événement et les billets.,https://img.evbuc.com/https%3A%2F%2Fcdn.evbuc.com%2Fimages%2F1173386301%2F338763686775%2F1%2Foriginal.20251222-110401?w=1000&auto=format%2Ccompress&q=75&sharp=10&rect=0%2C0%2C2160%2C1080&s=fe1c443ab5a66420d2228bdb1a15f5bd,Événement en ligne,,Choisissez un lieuautocomplete,Sydney,,https://www.eventbrite.fr/e/billets-webinaire-financements-europeens-pour-booster-votre-developpement-1978404779954?aff=ebdssbcitybrowse,eventbrite,,b8c7162b18bca10be4418314e7192fad136b853db766dbf3623b574ff2e38952,2026-01-11T12:00:54.109519+00:00,2026-01-11T12:00:54.109534+00:00
9102fa03a12e4871ac0eb7458889d790,PERSPECTIVES DES MARCHÉS 2026,Eventbrite – CERCLE FINANCE DU QUÉBEC  présente PERSPECTIVES DES MARCHÉS 2026 - Mercredi 21 janvier 2026 - Obtenez des informations sur les événements et les billets.,https://img.evbuc.com/https%3A%2F%2Fcdn.evbuc.com%2Fimages%2F1172698155%2F32479845469%2F1%2Foriginal.20251210-172021?w=1000&auto=format%2Ccompress&q=75&sharp=10&rect=289%2C203%2C1440%2C720&s=47f090177044ec60e4f5ee907ecf2251,Événement en ligne,,Choisissez un endroitautocomplete,Sydney,,https://www.eventbrite.ca/e/billets-perspectives-des-marches-2026-1977206194954?aff=ebdssbcitybrowse,eventbrite,,1efb79526f7b5678eeca9a887d9171bd62dad7a1eb72fbbb183b152d587a65c7,2026-01-11T12:00:59.438875+00:00,2026-01-11T12:00:59.438891+00:00
ae385c7920e84ef3aefa320783f65cc9,RDV IFTH - EPI : évolutions réglementaires  et certification/22 janv,Eventbrite - IFTH présente RDV IFTH - EPI : évolutions réglementaires  et certification/22 janv - Jeudi 22 janvier 2026 - Trouver des informations sur l'événement et l'inscription.,https://img.evbuc.com/https%3A%2F%2Fcdn.evbuc.com%2Fimages%2F1174202914%2F453339996732%2F1%2Foriginal.20260107-141651?w=1000&auto=format%2Ccompress&q=75&sharp=10&rect=0%2C0%2C2160%2C1080&s=a92073d04c992d54c79acca6f757a9e9,Événement en ligne,,Choisissez un lieuautocomplete,Sydney,,https://www.eventbrite.fr/e/inscription-rdv-ifth-epi-evolutions-reglementaires-et-certification22-janv-1979851442962?aff=ebdssbcitybrowse,eventbrite,,b49fab3b59543acb6fdfa538b6bb925925a45b9d118cebf57a57fd15d5a3bc5c,2026-01-11T12:01:04.469838+00:00,2026-01-11T12:01:04.469852+00:00
b0cd8e38febc47a0b052b91abc3c8fae,Conférence-atelier  1 · CONNAITRE LES TALENTS D'AILLEURS,Eventbrite – Perspective Carrière présente Conférence-atelier  1 · CONNAITRE LES TALENTS D'AILLEURS - Jeudi 22 janvier 2026 - Obtenez des informations sur les événements et les billets.,https://img.evbuc.com/https%3A%2F%2Fcdn.evbuc.com%2Fimages%2F1082948183%2F979089815803%2F1%2Foriginal.20250728-190906?w=1000&auto=format%2Ccompress&q=75&sharp=10&rect=0%2C0%2C2160%2C1080&s=2182fb9a689c83c9db97afc548a1133e,Événement en ligne,,Choisissez un endroitautocomplete,Sydney,,https://www.eventbrite.ca/e/billets-conference-atelier-1-connaitre-les-talents-dailleurs-1538491291869?aff=ebdssbcitybrowse,eventbrite,,4dc07b3150db8d8d47190fe3c8da73f8dfc8db75f2a785e5cf67789a3d029f70,2026-01-11T12:01:08.935088+00:00,2026-01-11T12:01:08.935102+00:00
e0858c9e291343d1a1be612866efd80e,Perspectives Économiques,Eventbrite – FAC Agriculture présente Perspectives Économiques - Jeudi 22 janvier 2026 - Obtenez des informations sur les événements et les billets.,https://img.evbuc.com/https%3A%2F%2Fcdn.evbuc.com%2Fimages%2F1174018388%2F774259550863%2F1%2Foriginal.20260105-172456?w=1000&auto=format%2Ccompress&q=75&sharp=10&rect=0%2C0%2C2160%2C1080&s=a8e6fd850fcbaa1a4170bb228193f530,Événement en ligne,,Choisissez un endroitautocomplete,Sydney,,https://www.eventbrite.ca/e/billets-perspectives-economiques-1716221979139?aff=ebdssbcitybrowse,eventbrite,,e0e6364490f947200ac7b0585b045c8e9ea13735a3497c8dd8ff99157ed92bcc,2026-01-11T12:01:12.816729+00:00,2026-01-11T12:01:12.816744+00:00
5722b1bca2d34cb187e3613c47ac1253,Maillage d’entrevues virtuelles – Votre futur emploi en CB !,Eventbrite – SDECB présente Maillage d’entrevues virtuelles – Votre futur emploi en CB ! - Jeudi 29 janvier 2026 - Obtenez des informations sur les événements et les billets.,https://cdn.evbuc.com/images/1170833111/2903484784711/1/logo.20251112-225849,Événement en ligne,,Choisissez un endroitautocomplete,Sydney,,https://www.eventbrite.com/e/billets-maillage-dentrevues-virtuelles-votre-futur-emploi-en-cb-1956788309509?aff=ebdssbcitybrowse,eventbrite,,cbdac949beafb6ac36f11b40ba76fe4c0dd7041958597879f29e842afaeb3d18,2026-01-11T12:01:17.590763+00:00,2026-01-11T12:01:17.590777+00:00
8150bc5f0f804e13a17cebb6aa48d692,Underwater Drones Workshops,"Eventbrite - Australian National Maritime Museum - Events presents Underwater Drones Workshops - Sunday, 24 September 2023 | Sunday, 1 February 2026 at Australian National Maritime Museum, Sydney, NSW. Find event and ticket information.",https://img.evbuc.com/https%3A%2F%2Fcdn.evbuc.com%2Fimages%2F392745129%2F136340644258%2F1%2Foriginal.20211118-220251?w=1000&auto=format%2Ccompress&q=75&sharp=10&rect=0%2C50%2C2000%2C1000&s=04f12693f80aa1c4f2e7dfbc87f89909,Australian National Maritime MuseumMultiple dates,,Choose a locationautocomplete,Sydney,,https://www.eventbrite.com.au/e/underwater-drones-workshops-tickets-713504319627?aff=ebdssbcitybrowse,eventbrite,,b5315f1a463ad51b8864bcf8b21239820808dd0938e61153ef644f19cd951b76,2026-01-11T12:01:22.265785+00:00,2026-01-11T12:01:22.265799+00:00
cdc161dc2a85406fa910b53843055188,W Sydney Solar Sundays,"Eventbrite - W Sydney presents W Sydney Solar Sundays - Sunday, November 23, 2025 | Sunday, February 15, 2026 at 29/30, Sydney, NSW. Find event and ticket information.",https://cdn.evbuc.com/images/1164912033/2809420874431/1/logo.20251028-220734,29/30Multiple dates,,Choose a locationautocomplete,Sydney,,https://www.eventbrite.com.au/e/w-sydney-solar-sundays-tickets-1903397756929?aff=ebdssbcitybrowse,eventbrite,,c972c3326e5794916af9147ca9cb982bf5143c6b4882ea8c6e33c55cf079fe50,2026-01-11T12:01:26.612993+00:00,2026-01-11T12:01:26.613008+00:00
cd503a1f9bb0428a9553b0602a1c646b,Australia's Original Bed Cinema Turns Ten,Mov'in Bed Returns to Barangaroo to Celebrate,"https://res.cloudinary.com/cityofsydney/image/upload/f_auto/c_fill,h_960,w_2560/v1759886101/k7h9gk6i1z6d/7cYH7qjmTTKfK0kSXDhfYB/c3b259e0-a3e1-11f0-a1a6-e1ae30ac502c--Australia-s-Original-Bed-Cinema-Turns-Ten-hero.jpg","WhenWednesdays to Sundays, 6:00pm to 11:00pm
Friday 28 November 2025 to Sunday 5 April",,Barangaroo ReserveBarangaroo Reserve,Sydney,,https://whatson.cityofsydney.nsw.gov.au/events/australias-original-bed-cinema-turns-ten,cityofsydney,,a18ff242d451721be057b3aae60bb3da2af5325d2f304a7c0af61bffb0565e96,2026-01-11T12:01:35.755411+00:00,2026-01-11T12:01:35.755426+00:00
70d101b968df4fecb4bc51f15b9a83f3,Back to the Future: The Musical,"Sydney, it’s time to change musical theatre history","https://res.cloudinary.com/cityofsydney/image/upload/f_auto/c_fill,h_960,w_2560/v1759991967/k7h9gk6i1z6d/438RNTGZKwZFkc4l3TKivP/a59952c0-a4da-11f0-89d7-e5a07957ec79--Back-to-the-Future--The-Musical-hero.jpg","WhenFridays, 7pm to 10:10pm
Sundays, 6pm to 9:10pm
Friday 26 September 2025 to Sunday 25 January",,Sydney Lyric TheatreSydney Lyric Theatre,Sydney,,https://whatson.cityofsydney.nsw.gov.au/events/back-to-the-future-the-musical,cityofsydney,,804fede61fc5977e37e92aa2d97642aa3c08b1b86a60d45eeda13f6a35b6cf52,2026-01-11T12:01:39.752985+00:00,2026-01-11T12:01:39.753002+00:00
2c4d8252cd2d4685aaf0ed3d66231956,HBO Max Open Air Cinema at Darling Quarter,"Discover an electrifying lineup of free movies, great food and buzzing summer nights from 8 to 25 January.","https://res.cloudinary.com/cityofsydney/image/upload/f_auto/c_fill,h_960,w_2560/v1766736383/k7h9gk6i1z6d/4ZVedodNhi7gT45QdxCnN5/ca023d10-e22f-11f0-abf3-f395578458df--HBO-Max-Open-Air-Cinema-at-Darling-Quarter-hero.jpg","WhenThursday 8 January from 6pm to 9:00pm
Friday 9 January from 6pm to 11:00pm
Saturday 10 January from 6pm to 11:00pm
Sunday 11 January from 6pm to 9:00pm
Thursday 15 January from 6pm to 9:00pm
Friday 16 January from 6pm to 11:00pm
Sunday 18 January from 6pm to 9:00pm
Thursday 22 January from 6pm to 9:00pm
Friday 23 January from 6pm to 11:00pm
Saturday 24 January from 6pm to 11:00pm
Sunday 25 January from 6pm to 9:00pm",,Darling QuarterDarling Quarter,Sydney,,https://whatson.cityofsydney.nsw.gov.au/events/hbo-max-open-air-cinema-at-darling-quarter,cityofsydney,,9965d96a22991336da7fb992a7e8e4fe490103dd0ed0788a7ddea1771fbb76d3,2026-01-11T12:01:43.588034+00:00,2026-01-11T12:01:43.588049+00:00
8ba5071673674dbc903eee13c69b3396,The Wind in the Willows,Kenneth Grahame’s immortal story of life on the riverbank is brought to life!,"https://res.cloudinary.com/cityofsydney/image/upload/f_auto/c_fill,h_960,w_2560/v1730338210/k7h9gk6i1z6d/7K9clMsChqPA4G8xjIJMO6/99854e20-9721-11ef-a8b3-698397d4f78e--The-Wind-in-the-Willows-hero.jpg","WhenEvery day, 12:00am to 7pm
Wednesday 7 January to Friday 23 January

Except Monday 12 January,
Tuesday 13 January,
Monday 19 January and
Tuesday 20 JanuaryTwo shows a day on Thursday, Friday and Saturday. See website for timings.",,The Royal Botanic GardenThe Royal Botanic Garden,Sydney,,https://whatson.cityofsydney.nsw.gov.au/events/the-wind-in-the-willows,cityofsydney,,a6088a0174f26f1dc1420265ecd5cc4e063ea581217bceb378943216fc60a6ad,2026-01-11T12:01:47.522684+00:00,2026-01-11T12:01:47.522700+00:00
7a2cde2dea034df2b4c90c3f880e3246,KGV evening basketball competitions,Love basketball? Enter a social or corporate basketball team,"https://res.cloudinary.com/cityofsydney/image/upload/f_auto/c_fill,h_960,w_2560/v1718675619/k7h9gk6i1z6d/6CwccV0mMk5t2oSoZucsop/2d82fe10-2d14-11ef-b1c7-13e8149be86d--KGV-Basketball-Competitions-hero.jpg","WhenEvery day, 6:00pm to 10:15pm
Thursday 25 September 2025 to Thursday 30 April",,King George V (KGV) Recreation CentreKing George V (KGV) Recreation Centre,Sydney,,https://whatson.cityofsydney.nsw.gov.au/events/kgv-basketball-competitions,cityofsydney,,0c137bcf0940ef9fbc8e7cf21561d4ac118967adfda14688446eb04994a1916c,2026-01-11T12:01:52.085345+00:00,2026-01-11T12:01:52.085362+00:00
931e75291f094274999237c88d5eb0a8,"Volleyball competitions: Sunday men’s, women's and mixed",Social indoor volleyball competitions ,"https://res.cloudinary.com/cityofsydney/image/upload/f_auto/c_fill,h_960,w_2560/v1653012855/k7h9gk6i1z6d/3MIZTIA4AE1qZZKLLEIsVs/af842810-d7e1-11ec-ab0a-95f4187533dc--Volleyball-Competition--Sunday-Men-s--women-s-and-mixed-hero.jpg","WhenSundays, 1:00pm to 8:00pm
Sunday 16 November 2025 to Sunday 29 March

Except Sunday 21 December 2025,
Sunday 28 December 2025,
Sunday 4 January and
Sunday 22 February",,Perry Park Recreation CentrePerry Park Recreation Centre,Sydney,,https://whatson.cityofsydney.nsw.gov.au/events/volleyball-competition-sunday-mixed,cityofsydney,,0f0e3912561e1412d08f6444f564e4453216ce82a7deae717c31354551a8ade7,2026-01-11T12:01:56.137546+00:00,2026-01-11T12:01:56.137562+00:00
8e49159956744eb2a070b62a3d50d693,Big summer reading challenge,Join Australia’s largest summer public library reading challenge for kids and young people aged up to 18 years.,"https://res.cloudinary.com/cityofsydney/image/upload/f_auto/c_fill,h_960,w_2560/v1764893573/k7h9gk6i1z6d/5kt9ZH4Hb9eIVzexrWWS8g/7dbbde70-d16d-11f0-999d-e3543538972e--Big-summer-reading-challenge-hero.jpg","WhenEvery day, all day
Monday 1 December 2025 to Saturday 31 January",,City of Sydney LibraryCity of Sydney Library,Sydney,,https://whatson.cityofsydney.nsw.gov.au/events/big-summer-reading-challenge,cityofsydney,,0b7ea23bb668eea6e6b2430107b5d3c442824c429bba1c05e0c2834baeb8ceb2,2026-01-11T12:02:00.606643+00:00,2026-01-11T12:02:00.606656+00:00
3e95cba56f69470b96a0c2ebfae8cb00,Dial M for Murder,Made famous by Alfred Hitchcock’s world-renowned 1950’s film,"https://res.cloudinary.com/cityofsydney/image/upload/f_auto/c_fill,h_960,w_2560/v1761540645/k7h9gk6i1z6d/3Nm55WxGNOi5FtFd8LcwmF/fe95e690-b2ef-11f0-aeac-454557c4fb9a--Dial-M-for-Murder-hero.jpg","WhenEvery day, 7pm to 9:50pm
Friday 28 November 2025 to Sunday 11 JanuaryPlease see website for more information on individual dates and times",,78 McDougall St Kirribilli NSW 2061 Australia,Sydney,,https://whatson.cityofsydney.nsw.gov.au/events/dial-m-for-murder,cityofsydney,,dd4d2702b83e9daec4873efb5c3e56fbfe8806c023821d4de4f410dd882f21ad,2026-01-11T12:02:04.485842+00:00,2026-01-11T12:02:04.485855+00:00
432fcdbc8e334d8d9e3408ea32421182,Badu Gili: Story Keepers,A free nightly event celebrating First Nations culture,"https://res.cloudinary.com/cityofsydney/image/upload/f_auto/c_fill,h_960,w_2560/v1765160801/k7h9gk6i1z6d/4Qo5rcvOK2NeINU1oa48pf/05e70f20-d3dc-11f0-9ef0-cffe733531bc--Badu-Gili--Story-Keepers-hero.jpg","WhenEvery day, 8pm to 10pm
Wednesday 17 December 2025 to Saturday 31 January",,Sydney Opera HouseSydney Opera House,Sydney,,https://whatson.cityofsydney.nsw.gov.au/events/badu-gili-story-keepers,cityofsydney,,dd4273ce4f65879659a7e4b4b895b5724f66c44b850034cf3a9fe0d1c20825b0,2026-01-11T12:02:08.364752+00:00,2026-01-11T12:02:08.364766+00:00
7a9410b7d7a445e287dad2be91722115,Summer at Marrinawi Cove,"Barangaroo's urban oasis for swimming, sunning, and live music this summer!","https://res.cloudinary.com/cityofsydney/image/upload/f_auto/c_fill,h_960,w_2560/v1731982120/k7h9gk6i1z6d/1MsZkaYY2wG0bQn9UrmJgB/ce157d10-a61a-11ef-9a04-cb5b0d1547b1--Summer-at-Marrinawi-Cove-hero.jpg","WhenWeekends, 10:00am to 4:00pm
Saturday 6 December 2025 to Sunday 29 March",,Barangaroo ReserveBarangaroo Reserve,Sydney,,https://whatson.cityofsydney.nsw.gov.au/events/summer-at-marrinawi-cove,cityofsydney,,d895d16a1497d835d04647c4c4e1fbbdbe446f745514c5a49f055a4b567f1934,2026-01-11T12:02:13.223247+00:00,2026-01-11T12:02:13.223262+00:00
a270bb13ec0b43ada4bfcb5af341196f,Laneway Cinema at The Rocks,Free films every Wednesday in The Rocks' iconic surrounds. ,"https://res.cloudinary.com/cityofsydney/image/upload/f_auto/c_fill,h_960,w_2560/v1706575360/k7h9gk6i1z6d/3aBmxtnoYMhG3ArHx3ujzu/2bc83a10-bf08-11ee-9966-9fe07f7a8ef5--Laneway-cinema---The-Rocks--hero.jpg","WhenWednesdays, 5pm to 9:00pm
Wednesday 12 November 2025 to Wednesday 25 FebruaryLimited walk ins are available. Arrive early to secure your seat. Doors open at 5.30pm.",,Playfair St The Rocks NSW 2000 Australia,Sydney,,https://whatson.cityofsydney.nsw.gov.au/events/laneway-cinema-the-rocks,cityofsydney,,a8975dc846403819f5b42e6127db9eb5f556fe2fd02b586d754f9d81dff91695,2026-01-11T12:02:17.244751+00:00,2026-01-11T12:02:17.244762+00:00
516bd2003cf34b7fb880bda597fbbbec,Fair Day,"Fair Day returns to Victoria Park for 2026—bigger, bolder, and bursting with community pride. ","https://res.cloudinary.com/cityofsydney/image/upload/f_auto/c_fill,h_960,w_2560/v1764293495/k7h9gk6i1z6d/1u6cWtpDtBY7WZFIr7zQsO/dc5b94d0-cbf9-11f0-9867-7540f264f1fc--Fair-Day-hero.jpg",WhenSunday 15 February from 10:00am to 9:00pm,,Victoria ParkVictoria Park,Sydney,,https://whatson.cityofsydney.nsw.gov.au/events/fair-day,cityofsydney,,142cda7a3e2d391540f3dfce20af7ecb72a24997e25b2f4ae5e57a3e303dcaab,2026-01-11T12:02:21.026766+00:00,2026-01-11T12:02:21.026778+00:00
0594e10d8d3941fe9e14e003306a4bd4,Sydney Streets on Redfern Street,Celebrate Redfern with a day of community celebrations,"https://res.cloudinary.com/cityofsydney/image/upload/f_auto/c_fill,h_960,w_2560/v1735859961/k7h9gk6i1z6d/1zgP0ThgyYcCnQXiOuxwKm/e38d0240-c95f-11ef-9d7b-9ddc710948f2--Sydney-Streets-on-Redfern-Street-hero.jpg",WhenSaturday 7 March from 11:00am to 10:00pm,,Redfern St Redfern NSW 2016 Australia,Sydney,,https://whatson.cityofsydney.nsw.gov.au/events/sydney-streets-on-redfern-street,cityofsydney,,217dabbea434d55d70446f4f784586fe33065aa447a89fcc08df8eb2694de92e,2026-01-11T12:02:25.130873+00:00,2026-01-11T12:02:25.130885+00:00
f5ccf09eea1b4043a8c6aebab4c8834a,Sydney Streets on Stanley Street,Celebrate Darlinghurst with a day of outdoor fun,"https://res.cloudinary.com/cityofsydney/image/upload/f_auto/c_fill,h_960,w_2560/v1678668637/k7h9gk6i1z6d/4JpSIIkh1pAbmXnyMf8ue1/07cd38e0-c139-11ed-8036-0f2a12eb8438--Sydney-Streets-on-Stanley-Street-hero.jpg",WhenSaturday 21 March from 11:00am to 10:00pm,,Stanley St Darlinghurst NSW 2010 Australia,Sydney,,https://whatson.cityofsydney.nsw.gov.au/events/sydney-streets-on-stanley-street,cityofsydney,,4e94a0aed5386e6de34a206f2f1f82b13e20e57b972f1b7ac5c4b98f769b22df,2026-01-11T12:02:29.168422+00:00,2026-01-11T12:02:29.168439+00:00
5106c8a6e99c4e88a444dafb25f5fd61,Barangaroo Markets,Wrap up your work week the right way at Barangaroo Markets.   Shop artisan gifts and soak up the good vibes.,"https://res.cloudinary.com/cityofsydney/image/upload/f_auto/c_fill,h_960,w_2560/v1762299310/k7h9gk6i1z6d/3bfFIDv5GzteanH6Ux9JbG/8fa4cc00-b9d5-11f0-9116-174a01c29d15--Barangaroo-Markets-hero.jpg","WhenFriday 21 November 2025 from 10:00am to 4:00pm
Friday 19 December 2025 from 10:00am to 4:00pm
Friday 16 January from 10:00am to 4:00pm
Friday 20 February from 10:00am to 4:00pm",,Barangaroo Ave Barangaroo NSW 2000 Australia,Sydney,,https://whatson.cityofsydney.nsw.gov.au/events/barangaroo-markets,cityofsydney,,ee05303349f3b8626f12f2b938795b6e9203432628a845bd626138e14265cd2e,2026-01-11T12:02:34.221013+00:00,2026-01-11T12:02:34.221029+00:00
6eefd14ed76344db88eb2123b28eae6d,Waterworld Central at the Entertainment Quarter,"Splash into Summer with Waterworld Central’s return to Entertainment Quarter, Sydney!","https://res.cloudinary.com/cityofsydney/image/upload/f_auto/c_fill,h_960,w_2560/v1765864147/k7h9gk6i1z6d/7stzjcCYudK77jz3rLEcX9/792af340-da42-11f0-8f89-f17b818aae43--Waterworld-Central-at-the-Entertainment-Quarter-hero.jpg","WhenEvery day, 10:00am to 4:00pm
Friday 9 January to Sunday 1 February2 hours sessions (more can be booked)",,The Entertainment QuarterThe Entertainment Quarter,Sydney,,https://whatson.cityofsydney.nsw.gov.au/events/waterworld-central-at-the-entertainment-quarter,cityofsydney,,7a7b58d887ba02ca9fb22c35f5f487f2a0dd182818c6597d936dfd4da9af1fc4,2026-01-11T12:02:38.541459+00:00,2026-01-11T12:02:38.541473+00:00
7367ca72a3d642e8baeb7872e0cc2e8b,DinoFest Sydney,The ultimate summer school holidays dinosaur experience for families,"https://res.cloudinary.com/cityofsydney/image/upload/f_auto/c_fill,h_960,w_2560/v1765254768/k7h9gk6i1z6d/673CYZ6FmljiUixjvhUW0E/e904f270-d4b5-11f0-a31a-2bc77892e505--DinoFest-Sydney---Summer-2026-hero.jpg","WhenEvery day, 10am to 3:00pm
Saturday 10 January to Sunday 1 February

Except Wednesday 14 January,
Tuesday 20 January and
Monday 26 JanuaryThree 90-minute sessions daily, starting at 10:30am, 1pm and 3pm",,1 Jamieson Street Sydney Olympic Park NSW 2127 Australia,Sydney,,https://whatson.cityofsydney.nsw.gov.au/events/dinofest-sydney,cityofsydney,,a5e86bd3e037bbd883ee504d0a71e0b00df44ad52c1a78dc245b6198ae292b32,2026-01-11T12:02:42.668844+00:00,2026-01-11T12:02:42.668859+00:00
207d0527e20547179dce7acff0d7f659,K-Pop Posca pen portraits,Create vibrant K-Pop-inspired portraits using Posca markers in this fun school holiday workshop,"https://res.cloudinary.com/cityofsydney/image/upload/f_auto/c_fill,h_960,w_2560/v1762124592/k7h9gk6i1z6d/3i0zkaR1hlhb43yAQKj25b/97ee9090-b83f-11f0-a156-67d74db77c29--K-Pop-Posca-Pen-Portraits-hero.jpg",WhenThursday 15 January from 10am to 1:00pm,,Ultimo Community CentreUltimo Community Centre,Sydney,,https://whatson.cityofsydney.nsw.gov.au/events/k-pop-posca-pen-portraits,cityofsydney,,1836c4368098bf674f9ef804362efa17372e4fbf99ab4bdbd76e9cea9467c868,2026-01-11T12:02:46.879060+00:00,2026-01-11T12:02:46.879074+00:00
662b4c122dd44681b4507398a83f7055,Forked Tongues Storytellers @ Glebe Library,Join us in a special storytelling event where Forked Tongue Storytellers share multilingual tales from around the world.,"https://res.cloudinary.com/cityofsydney/image/upload/f_auto/c_fill,h_960,w_2560/v1763522862/k7h9gk6i1z6d/7dVyFneQubsbQt1xuQrhlo/af1dfe30-c4f7-11f0-98b4-25566591ec8e--Forked-Tongues-Storytellers---Glebe-Library-hero.jpg","WhenThursday 4 December 2025 from 11am to 12pm
Thursday 26 February from 11am to 12pm",,Glebe LibraryGlebe Library,Sydney,,https://whatson.cityofsydney.nsw.gov.au/events/forked-tongues-storytellers-glebe-library,cityofsydney,,f6de4090b1a2921fdc272ffa0e56d3c3f3b4e569bd01228873b46b0092d6da40,2026-01-11T12:02:50.778967+00:00,2026-01-11T12:02:50.778981+00:00
b32d7eb3ec1c4e699f5fdf1d0d1778bb,School holiday activities with Museums of History NSW,These Summer holidays explore Sydney’s fascinating history through fun and unique museum experiences. ,"https://res.cloudinary.com/cityofsydney/image/upload/f_auto/c_fill,h_960,w_2560/v1765948995/k7h9gk6i1z6d/54q53RbCsHgWVr7bn6iRgX/abe85730-db07-11f0-80a8-916a8c7a124f--School-holiday-activities-with-Museums-of-History-NSW-hero.jpg","WhenEvery day, 10:00am to 5:00pm
Monday 22 December 2025 to Friday 30 JanuaryCheck website for various museum opening hours",,Museum of SydneyMuseum of Sydney,Sydney,,https://whatson.cityofsydney.nsw.gov.au/events/school-holiday-activities-with-sydney-living-museums,cityofsydney,,e8ff26c8ba6a2a01f1daa8355301db5bf2d76760998e70c2983f2819ff3b0956,2026-01-11T12:02:54.515154+00:00,2026-01-11T12:02:54.515168+00:00
b88dadea2c8340269ffa422c431add9a,MCA Late,MCA now opening late on Thursdays,"https://res.cloudinary.com/cityofsydney/image/upload/f_auto/c_fill,h_960,w_2560/v1767653004/k7h9gk6i1z6d/6nF4TGSkyICuHq5d6G6DHI/d90abed0-ea87-11f0-ab0b-6d02a352bb44--MCA-Late-hero.jpg","WhenThursdays, 5:00pm to 9:00pm
Thursday 27 November 2025 to Thursday 11 June",,Museum of Contemporary ArtMuseum of Contemporary Art,Sydney,,https://whatson.cityofsydney.nsw.gov.au/events/mca-late,cityofsydney,,b1a6d4835c3e7be75934ff684afe2cd6aeb2ebef4df5fd2a7e50f33b4397a0ee,2026-01-11T12:02:58.489946+00:00,2026-01-11T12:02:58.489961+00:00
7b60a05bf7a944cea24c3d8fccea7c4c,The Great Gatsby: A Jazz Ballet Odyssey,World premiere of The Great Gatsby: A Jazz Ballet Odyssey opens at Sydney’s Capitol Theatre from 19 February.,"https://res.cloudinary.com/cityofsydney/image/upload/f_auto/c_fill,h_960,w_2560/v1766904691/k7h9gk6i1z6d/58gpSFw7JZ57Mk3cZyRLZH/6ce10820-e3b8-11f0-9ff5-d9657c2c0f34--The-Great-Gatsby--A-Jazz-Ballet-Odyssey-hero.jpg","WhenThursday 19 February from 7:00pm to 9:00pm
Friday 20 February from 7pm to 9pm
Saturday 21 February from 2:00pm to 4:00pm
Saturday 21 February from 7pm to 9pm
Sunday 22 February from 1:00pm to 3:00pm
Sunday 22 February from 6pm to 8pm
Tuesday 24 February from 7:00pm to 9:00pm
Wednesday 25 February from 1:00pm to 3:00pm
Wednesday 25 February from 7:00pm to 9:00pm
Thursday 26 February from 7:00pm to 9:00pm
Friday 27 February from 7pm to 9pm
Saturday 28 February from 2:00pm to 4:00pm
Saturday 28 February from 7pm to 9pm
Sunday 1 March from 1:00pm to 3:00pm
Sunday 1 March from 6pm to 8pm
Tuesday 3 March from 7:00pm to 9:00pm
Wednesday 4 March from 1:00pm to 3:00pm
Wednesday 4 March from 7:00pm to 9:00pm
Thursday 5 March from 7:00pm to 9:00pm
Friday 6 March from 7pm to 9pm
Saturday 7 March from 2:00pm to 4:00pm
Saturday 7 March from 7pm to 9pm
Sunday 8 March from 1:00pm to 3:00pm
Sunday 8 March from 6pm to 8pm",,Capitol TheatreCapitol Theatre,Sydney,,https://whatson.cityofsydney.nsw.gov.au/events/the-great-gatsby-a-jazz-ballet-odyssey,cityofsydney,,257b75ac52dcbe3928528e7a9d4cb9099dc5849c86a109eac4070f483b0c68e5,2026-01-11T12:03:03.549139+00:00,2026-01-11T12:03:03.549151+00:00
82224cc3a07d470bbb0c7711dd7929ac,Ron Mueck: Encounter,Experience the largest exhibition of Ron Mueck’s work ever seen in Australia.,"https://res.cloudinary.com/cityofsydney/image/upload/f_auto/c_fill,h_960,w_2560/v1766110215/k7h9gk6i1z6d/7oE2dcr9M0eu6KOXKXlP1r/35f08d80-dc7f-11f0-bcaa-331f62a29807--Ron-Mueck--Encounter-hero.jpg","WhenMondays, Tuesdays and Thursdays to Sundays, 10:00am to 5:00pm
Wednesdays, 10:00am to 10:00pm
Saturday 6 December 2025 to Sunday 12 April

Except Wednesday 24 December 2025,
Thursday 25 December 2025 and
Wednesday 31 December 2025",,Art Gallery of NSWArt Gallery of NSW,Sydney,,https://whatson.cityofsydney.nsw.gov.au/events/ron-mueck-encounter,cityofsydney,,134cd20b77f812cda9fb4cad82758cf5adc42485b9d74ad78543b253fa398e77,2026-01-11T12:03:07.797711+00:00,2026-01-11T12:03:07.797727+00:00
d1926cb0657b487d8b564da545cd06ce,Mike Hewson: The Key’s Under the Mat,Make yourself at home in an underground art park at the Art Gallery of NSW,"https://res.cloudinary.com/cityofsydney/image/upload/f_auto/c_fill,h_960,w_2560/v1766108998/k7h9gk6i1z6d/8AVhdYuRl7UQ4Q0UeiEKS/a7b8b1c0-dc7c-11f0-9828-974021379124--Mike-Hewson--The-Key-s-Under-the-Mat-hero.jpg","WhenMondays, Tuesdays and Thursdays to Sundays, 10:00am to 5:00pm
Wednesdays, 10:00am to 10:00pm
Saturday 4 October 2025 to Sunday 23 August

Except Wednesday 24 December 2025,
Thursday 25 December 2025 and
Wednesday 31 December 2025",,Art Gallery of NSWArt Gallery of NSW,Sydney,,https://whatson.cityofsydney.nsw.gov.au/events/mike-hewson-the-keys-under-the-mat,cityofsydney,,abf9c2a6b644aa5e204291e1b175b9544ecd0cdf4efa1e25a04e0d8aff606fad,2026-01-11T12:03:12.382936+00:00,2026-01-11T12:03:12.382946+00:00
46659a50febc474b87357ac31d03501a,Dangerously Modern exhibition,Explore the art and lives of 50 trailblazing women artists in the major exhibition,"https://res.cloudinary.com/cityofsydney/image/upload/f_auto/c_fill,h_960,w_2560/v1761200307/k7h9gk6i1z6d/7vlubCfstLxo1NmLlbldma/df7f7620-afd6-11f0-90ef-01058ef6b89f--Dangerously-Modern-exhibition-hero.jpg","WhenMondays, Tuesdays and Thursdays to Sundays, 10:00am to 5:00pm
Wednesdays, 10:00am to 10:00pm
Saturday 11 October 2025 to Sunday 15 February

Except Thursday 25 December 2025The Art Gallery is closed on Christmas Day, 25 December.",,Art Gallery of NSWArt Gallery of NSW,Sydney,,https://whatson.cityofsydney.nsw.gov.au/events/dangerously-modern-exhibition,cityofsydney,,ec01e68e5148f8efd51592751144f2ca96939f2c29891ba63c6292a71f5a5497,2026-01-11T12:03:17.007162+00:00,2026-01-11T12:03:17.007172+00:00
dc23d46a6c404bcf8913461c42c40630,Sydney Comedy Festival 2026,Sydney Biggest Celebration of Comedy!,"https://res.cloudinary.com/cityofsydney/image/upload/f_auto/c_fill,h_960,w_2560/v1767670323/k7h9gk6i1z6d/2i0kDgXbvFFGKsp8tsj3BK/26174140-eaaf-11f0-a4db-31d69315ab2c--Sydney-Comedy-Festival-2026-hero.jpg","WhenEvery day, 12:00pm to 10:00pm
Monday 13 April to Sunday 17 May",,Enmore TheatreEnmore Theatre,Sydney,,https://whatson.cityofsydney.nsw.gov.au/events/sydney-comedy-festival-2026,cityofsydney,,3933c601baf895ac5d39ee9bb1bc8f3a16de92b7c0ad606c57cc235d3bb2f22c,2026-01-11T12:03:21.467397+00:00,2026-01-11T12:03:21.467408+00:00
01ceaf3ff25c4ff9af8a2fed6b1d0b57,Sydney Bar Crawl,Experience the best of Sydney’s nightlife and meet new friends from all around the world on the Sydney Bar Crawl.,"https://res.cloudinary.com/cityofsydney/image/upload/f_auto/c_fill,h_960,w_2560/v1690454530/k7h9gk6i1z6d/2kx332ZZaB8EnOSGzByaIm/1489fdc0-2c69-11ee-a5c1-0189dd436305--Sydney-Bar-Crawl-hero.jpg","WhenFridays, Saturdays, 8:00pm to 4:00am
Friday 1 August 2025 to Saturday 27 June",,469 Kent St Sydney NSW 2000 Australia,Sydney,,https://whatson.cityofsydney.nsw.gov.au/events/sydney-bar-crawl,cityofsydney,,5591ee49fde47b6aeb4dfb7e1797a6996fa5716f44368bb8123e698eaefc1280,2026-01-11T12:03:25.908667+00:00,2026-01-11T12:03:25.908682+00:00
d5a2c33538f44ae3a917603e8497f9a0,The Laugh Inn Comedy Club,Sydney's Hottest Comedy Club,"https://res.cloudinary.com/cityofsydney/image/upload/f_auto/c_fill,h_960,w_2560/v1752735736/k7h9gk6i1z6d/4us5Orxo5djFqlk3aRozE9/9581ff90-62db-11f0-b918-a75f1c85bc16--The-Laugh-Inn-Comedy-Club-hero.jpg","WhenWednesdays, 7:00pm to 11:00pm
Thursdays, 7:00pm to 8pm
Fridays, Saturdays, 7:20pm to 10:35pm
Wednesday 4 September 2024 to Saturday 31 January2 shows every Wednesday, Friday and Saturday",,174 King St Newtown NSW 2042,Sydney,,https://whatson.cityofsydney.nsw.gov.au/events/the-laugh-inn-comedy-club,cityofsydney,,ebf359d8ef540d0e804439279518743b59e426d0eea64f7b735c61513e8caf2f,2026-01-11T12:03:32.072941+00:00,2026-01-11T12:03:32.072955+00:00
59afc3f5abe345b99ab0b7e982f29760,Musical bingo and $1 dogs,Your ultimate Tuesday night out,"https://res.cloudinary.com/cityofsydney/image/upload/f_auto/c_fill,h_960,w_2560/v1690992046/k7h9gk6i1z6d/5lx55sPiXoktLpWnpydKaH/5a7369a0-314d-11ee-a8dd-89bf9303b5a9--Musical-Bingo-and--1-Dogs--hero.jpg","WhenTuesdays, 7:00pm to 11:00pm
Tuesday 7 January 2025 to Tuesday 30 June",,The Soda FactoryThe Soda Factory,Sydney,,https://whatson.cityofsydney.nsw.gov.au/events/musical-bingo-and-usd1-dogs,cityofsydney,,0f99436423481953b27b26297723d3017094992709a57f161df81a4286e36ef4,2026-01-11T12:03:36.616472+00:00,2026-01-11T12:03:36.616510+00:00
d48063014fa0493484d9bda4321e09f7,Hot Chip: Joy In Repetition,Synth-pop magicians Hot Chip bring you one of modern music’s most life-affirming live experiences. ,"https://res.cloudinary.com/cityofsydney/image/upload/f_auto/c_fill,h_960,w_2560/v1765162988/k7h9gk6i1z6d/1GULcs6OaRDwtYAxYxPjxo/1d40eff0-d3e2-11f0-ab09-ddb503a08a3e--Hot-Chip--Joy-In-Repetition-hero.jpg","WhenEvery day, 8:00pm to 10pm
Wednesday 14 January to Thursday 15 January",,Sydney Opera HouseSydney Opera House,Sydney,,https://whatson.cityofsydney.nsw.gov.au/events/hot-chip-joy-in-repetition,cityofsydney,,067c7f0790c154878d480c8a565926502e8d4f952c3da80d4d5b387183caa37f,2026-01-11T12:03:40.775101+00:00,2026-01-11T12:03:40.775116+00:00
